service_date,route_name,scheduled_trips,cancelled_trips,average_delay_minutes,on_time_pct,passengers,average_occupancy_pct
2025-01-01,Airport Express,54,0,5.78,55.56,1748,59.08
2025-01-01,Central Line,67,1,5.61,50.75,1973,55.62
2025-01-01,Outer Ring,46,1,6.23,47.83,1476,61.01
2025-01-01,Tech Corridor,63,0,5.98,42.86,2103,59.99
2025-01-01,University Loop,58,1,6.45,50.0,1790,60.01
2025-01-02,Airport Express,56,1,6.11,46.43,1680,52.92
2025-01-02,Central Line,39,0,6.07,41.03,1227,58.36
2025-01-02,Outer Ring,60,1,5.73,45.0,1929,56.78
2025-01-02,Tech Corridor,63,2,7.55,34.92,2033,58.73
2025-01-02,University Loop,52,2,6.94,36.54,1616,55.84
2025-01-03,Airport Express,60,0,7.01,41.67,1721,52.77
2025-01-03,Central Line,56,0,5.39,58.93,1933,62.18
2025-01-03,Outer Ring,58,0,7.43,36.21,1964,61.67
2025-01-03,Tech Corridor,59,1,5.22,52.54,1937,59.36
2025-01-03,University Loop,48,0,5.24,60.42,1678,61.29
2025-01-04,Airport Express,67,1,5.66,58.21,1917,52.2
2025-01-04,Central Line,48,0,6.16,43.75,1578,58.22
2025-01-04,Outer Ring,59,2,6.47,47.46,1816,57.42
2025-01-04,Tech Corridor,63,0,6.66,39.68,2031,56.77
2025-01-04,University Loop,64,0,6.63,43.75,1969,55.86
2025-01-05,Airport Express,56,1,6.54,44.64,1879,61.27
2025-01-05,Central Line,60,0,6.6,43.33,1785,54.66
2025-01-05,Outer Ring,63,2,5.95,44.44,1946,53.68
2025-01-05,Tech Corridor,58,0,5.83,46.55,1724,55.64
2025-01-05,University Loop,54,1,5.95,48.15,1568,53.84
2025-01-06,Airport Express,46,1,6.89,36.96,1303,52.76
2025-01-06,Central Line,50,0,5.81,40.0,1673,60.14
2025-01-06,Outer Ring,61,1,5.58,57.38,1809,53.18
2025-01-06,Tech Corridor,56,1,5.42,48.21,1866,58.11
2025-01-06,University Loop,50,1,6.58,42.0,1598,57.48
2025-01-07,Airport Express,60,1,6.22,45.0,1836,54.15
2025-01-07,Central Line,44,0,5.89,45.45,1523,61.13
2025-01-07,Outer Ring,55,2,6.81,34.55,1676,53.98
2025-01-07,Tech Corridor,61,0,6.05,44.26,1945,56.5
2025-01-07,University Loop,57,2,6.35,43.86,1876,58.91
2025-01-08,Airport Express,52,0,7.2,38.46,1587,55.24
2025-01-08,Central Line,52,0,7.45,38.46,1606,55.21
2025-01-08,Outer Ring,60,1,5.98,43.33,1898,57.02
2025-01-08,Tech Corridor,46,0,7.88,28.26,1441,57.96
2025-01-08,University Loop,48,1,6.28,43.75,1468,55.63
2025-01-09,Airport Express,60,1,5.43,55.0,1705,52.66
2025-01-09,Central Line,50,1,6.48,42.0,1619,58.73
2025-01-09,Outer Ring,50,0,5.86,46.0,1547,56.17
2025-01-09,Tech Corridor,47,0,5.91,46.81,1557,59.07
2025-01-09,University Loop,49,0,6.2,38.78,1471,55.91
2025-01-10,Airport Express,58,0,5.99,48.28,1722,56.57
2025-01-10,Central Line,63,0,6.65,47.62,2122,61.75
2025-01-10,Outer Ring,64,1,6.54,48.44,1969,57.93
2025-01-10,Tech Corridor,63,0,6.81,33.33,2115,59.79
2025-01-10,University Loop,53,2,7.02,30.19,1629,57.07
2025-01-11,Airport Express,47,0,6.05,48.94,1614,61.6
2025-01-11,Central Line,59,1,6.33,42.37,1930,61.89
2025-01-11,Outer Ring,67,0,7.04,43.28,2084,57.05
2025-01-11,Tech Corridor,53,1,6.58,33.96,1693,57.02
2025-01-11,University Loop,38,0,6.76,34.21,1238,58.25
2025-01-12,Airport Express,57,1,6.47,50.88,1922,62.11
2025-01-12,Central Line,72,4,5.61,44.44,2278,59.07
2025-01-12,Outer Ring,51,0,5.89,41.18,1560,56.25
2025-01-12,Tech Corridor,53,0,5.84,39.62,1527,52.6
2025-01-12,University Loop,54,1,5.99,46.3,1689,56.73
2025-01-13,Airport Express,56,1,6.21,51.79,1795,59.75
2025-01-13,Central Line,62,0,5.84,50.0,1826,54.18
2025-01-13,Outer Ring,48,0,6.64,31.25,1536,58.58
2025-01-13,Tech Corridor,75,0,7.04,36.0,2260,56.15
2025-01-13,University Loop,50,0,6.28,44.0,1590,55.88
2025-01-14,Airport Express,62,1,6.15,45.16,2169,60.9
2025-01-14,Central Line,70,1,6.2,40.0,2241,58.52
2025-01-14,Outer Ring,52,0,6.73,40.38,1652,56.27
2025-01-14,Tech Corridor,48,1,6.82,35.42,1705,64.79
2025-01-14,University Loop,52,0,5.68,44.23,1588,57.56
2025-01-15,Airport Express,60,0,5.51,48.33,1830,54.37
2025-01-15,Central Line,49,0,5.43,53.06,1458,55.52
2025-01-15,Outer Ring,57,0,6.84,40.35,1951,61.24
2025-01-15,Tech Corridor,55,1,7.02,30.91,1666,55.86
2025-01-15,University Loop,59,1,6.76,37.29,1652,54.51
2025-01-16,Airport Express,65,0,6.67,38.46,2119,59.53
2025-01-16,Central Line,42,3,7.56,33.33,1313,59.2
2025-01-16,Outer Ring,59,0,6.26,38.98,1812,57.97
2025-01-16,Tech Corridor,59,1,6.69,35.59,2093,63.05
2025-01-16,University Loop,51,0,5.6,54.9,1521,54.56
2025-01-17,Airport Express,61,1,6.02,45.9,1703,51.76
2025-01-17,Central Line,51,1,5.55,49.02,1559,56.22
2025-01-17,Outer Ring,65,1,7.02,41.54,2059,59.39
2025-01-17,Tech Corridor,59,0,6.43,50.85,1944,61.11
2025-01-17,University Loop,55,2,6.49,41.82,1694,54.68
2025-01-18,Airport Express,61,0,6.36,49.18,2042,59.02
2025-01-18,Central Line,53,0,6.18,43.4,1485,52.69
2025-01-18,Outer Ring,64,4,6.66,37.5,2155,60.91
2025-01-18,Tech Corridor,55,0,6.77,43.64,1810,59.65
2025-01-18,University Loop,43,0,5.66,55.81,1441,59.06
2025-01-19,Airport Express,54,1,7.14,38.89,1717,55.68
2025-01-19,Central Line,64,1,6.7,31.25,2001,57.98
2025-01-19,Outer Ring,39,0,5.65,56.41,1112,52.09
2025-01-19,Tech Corridor,62,0,6.66,40.32,1906,57.19
2025-01-19,University Loop,56,0,5.58,46.43,1742,55.07
2025-01-20,Airport Express,47,0,6.18,57.45,1594,60.96
2025-01-20,Central Line,59,1,6.38,33.9,1783,56.71
2025-01-20,Outer Ring,54,0,6.2,44.44,1811,60.04
2025-01-20,Tech Corridor,62,1,6.75,41.94,1973,60.41
2025-01-20,University Loop,52,0,8.18,34.62,1658,58.61
2025-01-21,Airport Express,54,1,6.25,42.59,1753,57.11
2025-01-21,Central Line,49,1,7.62,32.65,1582,57.91
2025-01-21,Outer Ring,59,0,6.74,38.98,1999,59.82
2025-01-21,Tech Corridor,63,0,5.25,57.14,1999,58.02
2025-01-21,University Loop,51,0,6.36,45.1,1611,56.81
2025-01-22,Airport Express,61,0,5.68,49.18,1765,53.63
2025-01-22,Central Line,47,0,5.84,44.68,1511,57.41
2025-01-22,Outer Ring,63,0,6.7,36.51,2130,61.71
2025-01-22,Tech Corridor,59,0,5.79,55.93,1861,58.68
2025-01-22,University Loop,49,0,6.47,38.78,1413,54.88
2025-01-23,Airport Express,62,0,6.94,38.71,2056,60.08
2025-01-23,Central Line,60,0,5.07,53.33,1878,57.5
2025-01-23,Outer Ring,51,0,6.56,41.18,1555,58.18
2025-01-23,Tech Corridor,63,0,5.68,55.56,1903,54.87
2025-01-23,University Loop,62,0,5.71,51.61,1776,53.49
2025-01-24,Airport Express,46,0,7.32,36.96,1408,56.51
2025-01-24,Central Line,61,1,6.63,40.98,1948,60.05
2025-01-24,Outer Ring,56,0,6.76,41.07,1729,57.36
2025-01-24,Tech Corridor,41,0,6.16,43.9,1289,56.39
2025-01-24,University Loop,58,0,6.53,43.1,1933,61.76
2025-01-25,Airport Express,58,2,7.13,31.03,1891,60.14
2025-01-25,Central Line,52,1,5.61,38.46,1522,52.88
2025-01-25,Outer Ring,54,0,7.32,37.04,1827,60.8
2025-01-25,Tech Corridor,58,0,6.3,39.66,1888,59.19
2025-01-25,University Loop,50,1,6.58,40.0,1669,59.93
2025-01-26,Airport Express,51,0,6.2,49.02,1521,52.75
2025-01-26,Central Line,53,1,5.94,39.62,1601,55.09
2025-01-26,Outer Ring,73,0,5.92,47.95,2353,58.83
2025-01-26,Tech Corridor,47,0,5.7,46.81,1372,54.93
2025-01-26,University Loop,52,2,6.34,50.0,1609,56.42
2025-01-27,Airport Express,61,0,6.81,36.07,2017,60.92
2025-01-27,Central Line,50,0,6.77,40.0,1647,58.84
2025-01-27,Outer Ring,57,0,6.39,43.86,1918,59.09
2025-01-27,Tech Corridor,62,1,6.95,45.16,1924,57.53
2025-01-27,University Loop,72,2,5.92,51.39,2187,55.67
2025-01-28,Airport Express,54,3,6.2,48.15,1631,56.05
2025-01-28,Central Line,56,2,6.51,48.21,1798,57.67
2025-01-28,Outer Ring,61,0,6.78,36.07,1841,56.81
2025-01-28,Tech Corridor,60,0,5.85,48.33,1869,57.69
2025-01-28,University Loop,46,0,5.86,50.0,1403,54.73
2025-01-29,Airport Express,50,1,5.73,50.0,1473,54.55
2025-01-29,Central Line,73,1,6.43,43.84,2289,57.27
2025-01-29,Outer Ring,51,2,6.77,29.41,1577,56.5
2025-01-29,Tech Corridor,50,0,6.65,42.0,1615,59.08
2025-01-29,University Loop,63,0,6.51,47.62,1992,55.88
2025-01-30,Airport Express,55,1,6.58,43.64,1648,55.18
2025-01-30,Central Line,54,1,6.73,44.44,1793,60.59
2025-01-30,Outer Ring,44,0,7.83,36.36,1459,60.55
2025-01-30,Tech Corridor,58,1,5.82,48.28,1842,59.8
2025-01-30,University Loop,61,0,5.74,59.02,1895,57.03
2025-01-31,Airport Express,66,0,6.83,39.39,1931,53.88
2025-01-31,Central Line,64,1,6.98,45.31,2039,57.21
2025-01-31,Outer Ring,68,0,5.76,47.06,2200,57.07
2025-01-31,Tech Corridor,60,4,6.27,43.33,1917,57.56
2025-01-31,University Loop,51,0,6.23,43.14,1689,59.01
2025-02-01,Airport Express,62,1,6.65,40.32,1964,60.01
2025-02-01,Central Line,61,1,6.69,45.9,1901,56.42
2025-02-01,Outer Ring,57,0,5.98,40.35,1876,58.61
2025-02-01,Tech Corridor,39,0,6.32,43.59,1199,56.2
2025-02-01,University Loop,60,0,6.87,43.33,1908,58.86
2025-02-02,Airport Express,58,0,6.18,46.55,2028,61.5
2025-02-02,Central Line,64,1,5.25,51.56,2123,58.64
2025-02-02,Outer Ring,50,1,7.81,32.0,1702,59.63
2025-02-02,Tech Corridor,54,0,5.74,50.0,1633,55.66
2025-02-02,University Loop,35,0,5.99,51.43,1100,62.12
2025-02-03,Airport Express,54,0,6.79,46.3,1829,60.11
2025-02-03,Central Line,56,0,6.02,48.21,1689,55.24
2025-02-03,Outer Ring,50,2,6.81,44.0,1487,55.62
2025-02-03,Tech Corridor,44,1,5.85,43.18,1510,58.25
2025-02-03,University Loop,58,1,6.4,48.28,1730,55.92
2025-02-04,Airport Express,49,0,5.09,59.18,1464,56.8
2025-02-04,Central Line,57,0,5.0,59.65,1724,55.21
2025-02-04,Outer Ring,60,1,6.75,41.67,1923,55.18
2025-02-04,Tech Corridor,51,0,5.98,45.1,1663,60.48
2025-02-04,University Loop,40,1,6.93,42.5,1190,54.74
2025-02-05,Airport Express,61,1,6.32,52.46,1980,59.83
2025-02-05,Central Line,61,3,7.36,39.34,1995,60.09
2025-02-05,Outer Ring,56,0,6.85,41.07,1893,60.78
2025-02-05,Tech Corridor,56,1,6.71,44.64,1723,57.67
2025-02-05,University Loop,53,0,5.6,56.6,1624,55.25
2025-02-06,Airport Express,65,0,7.08,44.62,2178,59.5
2025-02-06,Central Line,59,1,5.44,40.68,1921,58.11
2025-02-06,Outer Ring,43,0,7.13,37.21,1509,62.64
2025-02-06,Tech Corridor,46,0,6.94,39.13,1581,60.54
2025-02-06,University Loop,49,0,5.9,53.06,1482,57.59
2025-02-07,Airport Express,59,0,5.92,45.76,1916,57.89
2025-02-07,Central Line,65,0,6.86,32.31,2122,59.85
2025-02-07,Outer Ring,60,0,6.87,36.67,1862,55.15
2025-02-07,Tech Corridor,65,0,6.31,43.08,2024,58.74
2025-02-07,University Loop,56,0,6.41,44.64,1623,53.97
2025-02-08,Airport Express,56,1,6.72,39.29,1752,57.5
2025-02-08,Central Line,61,0,5.54,55.74,1823,54.1
2025-02-08,Outer Ring,64,0,7.17,37.5,1953,56.36
2025-02-08,Tech Corridor,58,1,6.07,51.72,1980,61.83
2025-02-08,University Loop,47,0,6.67,34.04,1432,54.77
2025-02-09,Airport Express,49,1,5.79,44.9,1598,57.66
2025-02-09,Central Line,57,3,6.49,38.6,1787,56.71
2025-02-09,Outer Ring,67,0,4.83,64.18,2083,56.19
2025-02-09,Tech Corridor,67,0,7.17,34.33,2138,58.51
2025-02-09,University Loop,54,0,5.57,48.15,1742,58.02
2025-02-10,Airport Express,66,0,6.39,50.0,2121,56.48
2025-02-10,Central Line,72,0,7.92,33.33,2432,60.46
2025-02-10,Outer Ring,59,1,6.79,44.07,1781,55.19
2025-02-10,Tech Corridor,50,0,6.42,40.0,1632,57.56
2025-02-10,University Loop,60,1,5.89,48.33,1836,57.49
2025-02-11,Airport Express,49,0,6.12,36.73,1614,60.38
2025-02-11,Central Line,57,0,5.84,50.88,1656,53.06
2025-02-11,Outer Ring,56,2,6.46,41.07,1698,57.89
2025-02-11,Tech Corridor,43,1,7.0,41.86,1334,58.12
2025-02-11,University Loop,52,1,7.37,40.38,1602,56.24
2025-02-12,Airport Express,39,0,6.3,56.41,1313,61.11
2025-02-12,Central Line,64,1,5.61,46.88,1867,54.06
2025-02-12,Outer Ring,61,1,6.88,37.7,1837,55.43
2025-02-12,Tech Corridor,64,1,6.19,50.0,2115,60.32
2025-02-12,University Loop,69,2,6.71,46.38,2154,57.49
2025-02-13,Airport Express,50,1,7.62,38.0,1629,60.06
2025-02-13,Central Line,40,0,7.43,40.0,1184,55.41
2025-02-13,Outer Ring,42,0,5.69,47.62,1263,56.77
2025-02-13,Tech Corridor,39,0,6.6,53.85,1081,52.49
2025-02-13,University Loop,48,0,7.14,45.83,1503,58.94
2025-02-14,Airport Express,50,1,7.11,42.0,1639,61.21
2025-02-14,Central Line,59,1,5.35,49.15,1722,54.61
2025-02-14,Outer Ring,37,1,6.44,48.65,1289,61.43
2025-02-14,Tech Corridor,53,1,7.12,41.51,1676,57.36
2025-02-14,University Loop,74,1,5.71,45.95,2247,53.83
2025-02-15,Airport Express,48,0,6.53,47.92,1551,57.83
2025-02-15,Central Line,69,0,6.59,36.23,2149,56.73
2025-02-15,Outer Ring,61,1,5.59,52.46,2005,57.31
2025-02-15,Tech Corridor,57,0,5.62,54.39,1918,60.98
2025-02-15,University Loop,70,1,6.89,41.43,2142,56.35
2025-02-16,Airport Express,71,1,7.17,35.21,2376,59.99
2025-02-16,Central Line,48,1,5.53,56.25,1579,56.89
2025-02-16,Outer Ring,57,2,6.86,35.09,1813,57.12
2025-02-16,Tech Corridor,72,2,6.72,45.83,2324,57.79
2025-02-16,University Loop,56,1,6.15,51.79,1763,57.64
2025-02-17,Airport Express,54,1,4.94,59.26,1467,52.45
2025-02-17,Central Line,74,0,6.27,45.95,2369,57.05
2025-02-17,Outer Ring,58,0,5.86,51.72,1686,53.37
2025-02-17,Tech Corridor,67,2,6.24,43.28,2183,59.46
2025-02-17,University Loop,56,2,6.07,48.21,1708,55.86
2025-02-18,Airport Express,47,0,6.49,42.55,1460,55.64
2025-02-18,Central Line,55,2,7.91,29.09,1515,51.43
2025-02-18,Outer Ring,47,0,5.65,40.43,1423,55.67
2025-02-18,Tech Corridor,56,0,7.26,41.07,1658,57.89
2025-02-18,University Loop,52,1,6.57,48.08,1578,56.11
2025-02-19,Airport Express,56,3,6.79,39.29,1807,58.91
2025-02-19,Central Line,60,0,6.44,41.67,2009,60.39
2025-02-19,Outer Ring,59,0,6.45,42.37,1947,60.51
2025-02-19,Tech Corridor,52,1,6.82,42.31,1741,58.17
2025-02-19,University Loop,63,0,6.07,46.03,2107,61.31
2025-02-20,Airport Express,54,0,6.26,46.3,1568,51.77
2025-02-20,Central Line,43,0,5.3,60.47,1282,54.32
2025-02-20,Outer Ring,65,1,6.52,40.0,2148,58.72
2025-02-20,Tech Corridor,47,0,6.58,46.81,1409,55.95
2025-02-20,University Loop,56,0,5.98,55.36,1813,57.99
2025-02-21,Airport Express,55,1,5.98,43.64,1732,58.91
2025-02-21,Central Line,55,0,5.94,52.73,1689,57.33
2025-02-21,Outer Ring,54,0,6.81,40.74,1735,58.14
2025-02-21,Tech Corridor,59,0,6.88,38.98,1938,58.33
2025-02-21,University Loop,45,0,5.67,46.67,1333,55.01
2025-02-22,Airport Express,56,1,6.67,44.64,1722,59.13
2025-02-22,Central Line,57,2,6.16,42.11,1756,56.79
2025-02-22,Outer Ring,56,1,5.97,50.0,1692,56.36
2025-02-22,Tech Corridor,35,1,4.96,62.86,1034,54.43
2025-02-22,University Loop,64,0,5.03,59.38,1995,57.26
2025-02-23,Airport Express,55,2,6.66,43.64,1746,58.59
2025-02-23,Central Line,65,1,6.49,38.46,1970,54.41
2025-02-23,Outer Ring,51,0,6.02,45.1,1645,58.1
2025-02-23,Tech Corridor,49,1,6.15,42.86,1390,54.34
2025-02-23,University Loop,54,1,6.47,40.74,1756,59.0
2025-02-24,Airport Express,53,0,6.77,39.62,1719,57.08
2025-02-24,Central Line,52,1,7.43,42.31,1789,62.71
2025-02-24,Outer Ring,54,3,5.81,44.44,1677,54.39
2025-02-24,Tech Corridor,59,0,5.28,59.32,1852,58.13
2025-02-24,University Loop,67,1,6.8,34.33,2257,61.44
2025-02-25,Airport Express,51,0,6.38,45.1,1553,58.27
2025-02-25,Central Line,58,1,4.8,55.17,1776,53.67
2025-02-25,Outer Ring,49,0,6.02,42.86,1525,57.12
2025-02-25,Tech Corridor,63,0,6.25,50.79,1988,58.42
2025-02-25,University Loop,65,0,6.29,43.08,2027,57.97
2025-02-26,Airport Express,49,0,5.79,55.1,1554,55.36
2025-02-26,Central Line,53,2,6.72,35.85,1758,61.71
2025-02-26,Outer Ring,48,0,7.87,27.08,1593,59.95
2025-02-26,Tech Corridor,58,3,5.55,43.1,1872,57.99
2025-02-26,University Loop,43,0,5.77,51.16,1327,57.82
2025-02-27,Airport Express,60,1,5.67,51.67,1864,57.75
2025-02-27,Central Line,53,1,5.9,45.28,1601,56.6
2025-02-27,Outer Ring,52,0,7.79,34.62,1775,60.95
2025-02-27,Tech Corridor,58,0,5.62,48.28,1859,55.68
2025-02-27,University Loop,57,0,6.36,47.37,1867,60.48
2025-02-28,Airport Express,53,4,6.15,41.51,1616,56.83
2025-02-28,Central Line,46,0,6.53,52.17,1508,57.94
2025-02-28,Outer Ring,64,2,6.57,39.06,2199,62.26
2025-02-28,Tech Corridor,70,0,6.57,41.43,2157,57.79
2025-02-28,University Loop,55,0,6.76,34.55,1706,60.44
2025-03-01,Airport Express,55,0,6.57,43.64,1684,55.74
2025-03-01,Central Line,46,0,6.53,45.65,1457,56.47
2025-03-01,Outer Ring,48,1,6.41,35.42,1507,58.08
2025-03-01,Tech Corridor,49,0,5.95,46.94,1527,57.3
2025-03-01,University Loop,73,0,6.12,58.9,2281,56.13
2025-03-02,Airport Express,52,1,6.73,36.54,1663,61.14
2025-03-02,Central Line,53,0,6.83,37.74,1636,56.19
2025-03-02,Outer Ring,51,1,4.98,58.82,1508,54.12
2025-03-02,Tech Corridor,62,0,6.57,43.55,2076,60.9
2025-03-02,University Loop,54,0,5.72,50.0,1619,55.91
2025-03-03,Airport Express,57,3,6.6,47.37,1776,57.05
2025-03-03,Central Line,66,1,6.3,46.97,1943,56.81
2025-03-03,Outer Ring,50,0,6.56,48.0,1629,57.9
2025-03-03,Tech Corridor,52,1,6.51,38.46,1703,56.84
2025-03-03,University Loop,50,0,5.78,54.0,1678,58.99
2025-03-04,Airport Express,50,1,6.16,40.0,1494,55.1
2025-03-04,Central Line,57,1,6.5,45.61,1796,58.08
2025-03-04,Outer Ring,60,0,6.6,46.67,1932,59.29
2025-03-04,Tech Corridor,46,0,5.75,50.0,1493,57.66
2025-03-04,University Loop,64,0,5.68,46.88,2119,60.44
2025-03-05,Airport Express,51,0,5.07,54.9,1561,54.45
2025-03-05,Central Line,61,0,6.25,40.98,1951,59.12
2025-03-05,Outer Ring,58,2,5.85,48.28,1809,57.74
2025-03-05,Tech Corridor,54,0,5.42,55.56,1590,54.1
2025-03-05,University Loop,63,0,6.94,39.68,1985,59.63
2025-03-06,Airport Express,56,0,6.79,39.29,1898,60.93
2025-03-06,Central Line,62,1,6.37,48.39,2104,60.18
2025-03-06,Outer Ring,59,1,6.24,38.98,1892,57.48
2025-03-06,Tech Corridor,44,0,4.98,54.55,1357,59.87
2025-03-06,University Loop,60,0,6.86,40.0,1936,57.49
2025-03-07,Airport Express,63,0,6.01,44.44,1877,55.47
2025-03-07,Central Line,49,0,6.59,44.9,1513,57.43
2025-03-07,Outer Ring,54,0,5.64,50.0,1627,54.18
2025-03-07,Tech Corridor,53,0,7.12,37.74,1778,59.75
2025-03-07,University Loop,66,0,6.74,34.85,2051,56.63
2025-03-08,Airport Express,62,2,5.39,54.84,2067,58.56
2025-03-08,Central Line,45,0,5.45,60.0,1313,55.1
2025-03-08,Outer Ring,61,1,5.99,45.9,1827,53.34
2025-03-08,Tech Corridor,52,2,6.02,44.23,1629,57.02
2025-03-08,University Loop,56,0,7.08,39.29,1749,57.31
2025-03-09,Airport Express,60,0,6.25,45.0,1971,61.46
2025-03-09,Central Line,61,1,6.07,42.62,1897,60.55
2025-03-09,Outer Ring,58,0,6.82,41.38,1751,53.81
2025-03-09,Tech Corridor,49,1,6.85,42.86,1577,58.07
2025-03-09,University Loop,65,0,5.6,44.62,1952,54.84
2025-03-10,Airport Express,51,0,6.12,47.06,1683,58.91
2025-03-10,Central Line,58,0,5.93,53.45,2044,63.01
2025-03-10,Outer Ring,64,1,6.19,50.0,1999,58.57
2025-03-10,Tech Corridor,65,1,6.09,52.31,2008,55.23
2025-03-10,University Loop,54,0,5.65,48.15,1881,61.6
2025-03-11,Airport Express,50,2,7.29,40.0,1483,54.03
2025-03-11,Central Line,57,1,6.61,43.86,1842,59.47
2025-03-11,Outer Ring,60,1,6.4,48.33,1797,56.09
2025-03-11,Tech Corridor,70,2,5.76,50.0,1952,51.5
2025-03-11,University Loop,51,2,5.85,49.02,1648,59.47
2025-03-12,Airport Express,55,0,6.99,41.82,1775,59.03
2025-03-12,Central Line,59,1,5.64,54.24,1994,59.81
2025-03-12,Outer Ring,66,1,6.76,36.36,1984,55.13
2025-03-12,Tech Corridor,52,0,5.63,46.15,1611,57.27
2025-03-12,University Loop,58,1,6.41,34.48,1818,58.29
2025-03-13,Airport Express,50,0,6.34,44.0,1511,55.79
2025-03-13,Central Line,60,0,5.67,55.0,1797,54.45
2025-03-13,Outer Ring,67,0,6.03,49.25,2269,59.26
2025-03-13,Tech Corridor,46,0,7.17,41.3,1504,59.93
2025-03-13,University Loop,56,0,5.28,57.14,1678,58.21
2025-03-14,Airport Express,46,1,6.58,45.65,1527,58.45
2025-03-14,Central Line,52,3,5.81,42.31,1636,58.95
2025-03-14,Outer Ring,54,0,6.04,48.15,1645,56.12
2025-03-14,Tech Corridor,49,1,5.74,44.9,1447,53.5
2025-03-14,University Loop,62,0,5.35,50.0,1948,57.11
2025-03-15,Airport Express,60,0,6.07,43.33,1878,55.85
2025-03-15,Central Line,53,0,6.74,41.51,1634,57.08
2025-03-15,Outer Ring,55,2,7.37,32.73,1872,61.87
2025-03-15,Tech Corridor,38,0,5.22,55.26,1203,59.36
2025-03-15,University Loop,63,1,6.62,39.68,2020,60.89
2025-03-16,Airport Express,44,0,7.33,34.09,1474,60.98
2025-03-16,Central Line,45,1,6.44,48.89,1403,56.37
2025-03-16,Outer Ring,52,0,6.18,48.08,1648,57.97
2025-03-16,Tech Corridor,46,0,6.97,36.96,1572,62.02
2025-03-16,University Loop,49,1,6.16,44.9,1600,58.2
2025-03-17,Airport Express,60,1,6.23,41.67,1839,58.09
2025-03-17,Central Line,59,0,6.31,38.98,1803,55.12
2025-03-17,Outer Ring,62,0,6.67,37.1,1864,54.5
2025-03-17,Tech Corridor,54,0,6.7,44.44,1712,55.55
2025-03-17,University Loop,47,0,6.29,48.94,1460,56.76
2025-03-18,Airport Express,57,0,6.46,45.61,1817,58.1
2025-03-18,Central Line,51,0,6.37,49.02,1613,57.56
2025-03-18,Outer Ring,63,2,6.78,38.1,2049,59.45
2025-03-18,Tech Corridor,55,1,6.8,41.82,1685,54.66
2025-03-18,University Loop,57,0,7.25,28.07,1766,55.83
2025-03-19,Airport Express,57,2,5.28,50.88,1698,54.51
2025-03-19,Central Line,43,0,5.95,48.84,1485,62.77
2025-03-19,Outer Ring,57,0,6.78,45.61,1944,62.87
2025-03-19,Tech Corridor,54,1,6.74,42.59,1628,54.9
2025-03-19,University Loop,54,0,5.58,44.44,1553,53.2
2025-03-20,Airport Express,53,1,6.56,45.28,1697,58.12
2025-03-20,Central Line,46,0,5.9,47.83,1461,55.93
2025-03-20,Outer Ring,40,2,6.46,52.5,1406,60.89
2025-03-20,Tech Corridor,59,2,7.28,37.29,1885,60.15
2025-03-20,University Loop,54,1,6.11,53.7,1710,58.33
2025-03-21,Airport Express,68,1,5.75,50.0,2110,57.39
2025-03-21,Central Line,72,1,6.54,41.67,2136,55.72
2025-03-21,Outer Ring,54,3,6.58,35.19,1772,59.94
2025-03-21,Tech Corridor,50,2,7.17,34.0,1541,57.95
2025-03-21,University Loop,48,1,6.86,33.33,1478,57.94
2025-03-22,Airport Express,50,1,6.27,42.0,1637,60.16
2025-03-22,Central Line,56,1,6.66,41.07,1847,60.21
2025-03-22,Outer Ring,49,1,6.12,53.06,1480,54.92
2025-03-22,Tech Corridor,49,1,5.29,48.98,1643,58.98
2025-03-22,University Loop,45,0,5.46,51.11,1550,61.7
2025-03-23,Airport Express,55,0,7.05,34.55,1983,62.0
2025-03-23,Central Line,58,2,5.85,50.0,1770,52.7
2025-03-23,Outer Ring,39,1,6.03,46.15,1197,57.01
2025-03-23,Tech Corridor,49,1,6.93,30.61,1509,57.19
2025-03-23,University Loop,48,1,6.92,33.33,1634,59.93
2025-03-24,Airport Express,53,0,6.68,35.85,1648,58.06
2025-03-24,Central Line,57,1,5.88,54.39,1857,61.11
2025-03-24,Outer Ring,52,1,5.61,53.85,1713,57.24
2025-03-24,Tech Corridor,62,2,6.59,48.39,1889,56.02
2025-03-24,University Loop,46,0,5.73,50.0,1551,61.45
2025-03-25,Airport Express,47,0,6.03,51.06,1414,55.3
2025-03-25,Central Line,69,1,6.61,44.93,2072,55.18
2025-03-25,Outer Ring,59,0,7.6,32.2,1728,53.48
2025-03-25,Tech Corridor,65,1,6.72,40.0,2115,58.37
2025-03-25,University Loop,54,2,6.63,37.04,1916,65.16
2025-03-26,Airport Express,49,1,6.44,44.9,1599,60.06
2025-03-26,Central Line,62,1,7.03,41.94,1988,58.7
2025-03-26,Outer Ring,67,0,6.75,32.84,2099,57.99
2025-03-26,Tech Corridor,46,0,6.9,41.3,1457,57.57
2025-03-26,University Loop,48,0,5.83,50.0,1448,55.71
2025-03-27,Airport Express,42,0,7.23,38.1,1294,58.39
2025-03-27,Central Line,48,0,7.39,37.5,1618,59.66
2025-03-27,Outer Ring,45,2,6.75,40.0,1337,56.34
2025-03-27,Tech Corridor,68,0,6.38,39.71,2148,59.77
2025-03-27,University Loop,54,0,6.41,42.59,1643,55.01
2025-03-28,Airport Express,53,0,6.35,49.06,1839,60.07
2025-03-28,Central Line,52,1,6.14,44.23,1627,58.17
2025-03-28,Outer Ring,63,1,7.15,33.33,1959,57.63
2025-03-28,Tech Corridor,54,1,7.49,31.48,1887,62.24
2025-03-28,University Loop,54,0,7.22,38.89,1763,59.05
2025-03-29,Airport Express,60,2,7.29,43.33,1959,59.77
2025-03-29,Central Line,47,0,6.97,40.43,1472,57.97
2025-03-29,Outer Ring,62,0,7.66,40.32,2106,62.32
2025-03-29,Tech Corridor,47,2,6.94,46.81,1510,58.28
2025-03-29,University Loop,62,0,6.21,41.94,2039,58.27
2025-03-30,Airport Express,60,0,6.09,55.0,1827,55.37
2025-03-30,Central Line,55,0,6.16,49.09,1855,59.59
2025-03-30,Outer Ring,53,1,6.05,49.06,1649,56.05
2025-03-30,Tech Corridor,53,0,6.67,41.51,1821,62.35
2025-03-30,University Loop,56,1,5.98,41.07,1751,56.8
2025-03-31,Airport Express,78,1,6.46,47.44,2591,61.61
2025-03-31,Central Line,50,1,6.56,48.0,1495,55.37
2025-03-31,Outer Ring,61,0,5.99,44.26,1956,58.31
2025-03-31,Tech Corridor,52,0,6.04,40.38,1693,57.47
2025-03-31,University Loop,59,1,6.02,38.98,1951,57.35
